schedule_id,start_date,end_date,topic
study-1,2026/10/07/18/00,2026/10/07/19/00,차트와 분석
study-2,2026/10/10/10/00,2026/10/10/11/00,차트와 분석
study-3,2026/10/14/18/00,2026/10/14/19/00,차트와 분석
study-4,2026/10/17/10/00,2026/10/17/11/00,차트와 분석
study-5,2026/10/21/18/00,2026/10/21/18/45,스프레드시트 기본
study-6,2026/10/24/10/00,2026/10/24/10/45,스프레드시트 기본
study-7,2026/10/28/18/00,2026/10/28/18/45,실기 문제 풀이
study-8,2026/10/31/10/00,2026/10/31/10/45,실기 문제 풀이
study-9,2026/11/04/18/00,2026/11/04/18/45,함수와 데이터 관리
study-10,2026/11/07/10/00,2026/11/07/10/45,함수와 데이터 관리
study-11,2026/11/11/18/00,2026/11/11/19/00,차트와 분석
study-12,2026/11/14/10/00,2026/11/14/11/00,차트와 분석
study-13,2026/11/18/18/00,2026/11/18/19/00,차트와 분석
study-14,2026/11/21/10/00,2026/11/21/11/00,차트와 분석
study-15,2026/11/25/18/00,2026/11/25/19/00,차트와 분석
study-16,2026/11/28/10/00,2026/11/28/11/00,차트와 분석
